{"Hindi_F-other": {"f0_median": 139.2880859375, "f0_mean": 147.97061157226562, "f0_std": 34.374847412109375, "log_f0_median": 4.936544418334961, "log_f0_mean": 4.972148895263672, "log_f0_std": 0.21954864263534546, "energy_mean": 0.9402242302894592, "energy_std": 0.049198687076568604, "n_files": 100}, "Hindi_M-other": {"f0_median": 134.54342651367188, "f0_mean": 140.82411193847656, "f0_std": 32.72365951538086, "log_f0_median": 4.901886940002441, "log_f0_mean": 4.92146110534668, "log_f0_std": 0.22715646028518677, "energy_mean": 0.973944365978241, "energy_std": 0.055289126932621, "n_files": 100}, "Marathi_F-other": {"f0_median": 231.56307983398438, "f0_mean": 232.7970733642578, "f0_std": 39.36661148071289, "log_f0_median": 5.444852352142334, "log_f0_mean": 5.4356584548950195, "log_f0_std": 0.1717063933610916, "energy_mean": 0.9554569125175476, "energy_std": 0.04324807599186897, "n_files": 100}, "Marathi_M-other": {"f0_median": 133.7685089111328, "f0_mean": 136.0747833251953, "f0_std": 23.96605110168457, "log_f0_median": 4.896110534667969, "log_f0_mean": 4.897593975067139, "log_f0_std": 0.17780694365501404, "energy_mean": 0.9678415656089783, "energy_std": 0.05126490071415901, "n_files": 100}, "Telugu_F-other": {"f0_median": 224.97093200683594, "f0_mean": 233.0316619873047, "f0_std": 45.95376968383789, "log_f0_median": 5.415971279144287, "log_f0_mean": 5.4322991371154785, "log_f0_std": 0.19404657185077667, "energy_mean": 0.9641580581665039, "energy_std": 0.05259060114622116, "n_files": 100}, "Telugu_M-other": {"f0_median": 141.72280883789062, "f0_mean": 145.10557556152344, "f0_std": 28.358076095581055, "log_f0_median": 4.953873157501221, "log_f0_mean": 4.958718776702881, "log_f0_std": 0.19397981464862823, "energy_mean": 0.9734054803848267, "energy_std": 0.044890109449625015, "n_files": 100}}