{"f0_median": 139.2880859375, "f0_mean": 147.97061157226562, "f0_std": 34.374847412109375, "log_f0_median": 4.936544418334961, "log_f0_mean": 4.972148895263672, "log_f0_std": 0.21954864263534546, "energy_mean": 0.9402242302894592, "energy_std": 0.049198687076568604, "n_files": 100}