{"f0_median": 134.54342651367188, "f0_mean": 140.82411193847656, "f0_std": 32.72365951538086, "log_f0_median": 4.901886940002441, "log_f0_mean": 4.92146110534668, "log_f0_std": 0.22715646028518677, "energy_mean": 0.973944365978241, "energy_std": 0.055289126932621, "n_files": 100}