{"f0_median": 231.56307983398438, "f0_mean": 232.7970733642578, "f0_std": 39.36661148071289, "log_f0_median": 5.444852352142334, "log_f0_mean": 5.4356584548950195, "log_f0_std": 0.1717063933610916, "energy_mean": 0.9554569125175476, "energy_std": 0.04324807599186897, "n_files": 100}