{"f0_median": 133.7685089111328, "f0_mean": 136.0747833251953, "f0_std": 23.96605110168457, "log_f0_median": 4.896110534667969, "log_f0_mean": 4.897593975067139, "log_f0_std": 0.17780694365501404, "energy_mean": 0.9678415656089783, "energy_std": 0.05126490071415901, "n_files": 100}