{
	"mailabs-tux-other": {
		"f0_median": 122.66626739501953,
		"f0_mean": 124.51791381835938,
		"f0_std": 24.38829803466797,
		"log_f0_median": 4.809467315673828,
		"log_f0_mean": 4.811684608459473,
		"log_f0_std": 0.15116865932941437,
		"energy_mean": 0.9740287661552429,
		"energy_std": 0.06282375752925873,
		"n_files": 100
	},
	"Ed-other": {
		"f0_median": 150.15008544921875,
		"f0_mean": 152.173828125,
		"f0_std": 30.257091522216797,
		"log_f0_median": 5.0116353034973145,
		"log_f0_mean": 5.004810810089111,
		"log_f0_std": 0.2032385766506195,
		"energy_mean": 0.9661457538604736,
		"energy_std": 0.03739410266280174,
		"n_files": 100
	},
	"hui-berndungerer-other": {
		"f0_median": 136.10675048828125,
		"f0_mean": 140.10650634765625,
		"f0_std": 33.18109893798828,
		"log_f0_median": 4.9134392738342285,
		"log_f0_mean": 4.920597553253174,
		"log_f0_std": 0.20154008269309998,
		"energy_mean": 0.9912275075912476,
		"energy_std": 0.044663988053798676,
		"n_files": 100
	},
	"indic-iiit-hyd-female-other": {
		"f0_median": 265.9961242675781,
		"f0_mean": 279.2513122558594,
		"f0_std": 57.07512283325195,
		"log_f0_median": 5.583481788635254,
		"log_f0_mean": 5.612209320068359,
		"log_f0_std": 0.1978427916765213,
		"energy_mean": 0.9863940477371216,
		"energy_std": 0.029389921575784683,
		"n_files": 100
	},
	"ljs-other": {
		"f0_median": 203.92970275878906,
		"f0_mean": 211.856201171875,
		"f0_std": 51.960838317871094,
		"log_f0_median": 5.317775249481201,
		"log_f0_mean": 5.328337669372559,
		"log_f0_std": 0.231437548995018,
		"energy_mean": 0.9916158318519592,
		"energy_std": 0.029046861454844475,
		"n_files": 100
	},
	"mailabs-karensavage-other": {
		"f0_median": 207.49432373046875,
		"f0_mean": 210.6017608642578,
		"f0_std": 28.416366577148438,
		"log_f0_median": 5.335103988647461,
		"log_f0_mean": 5.341104507446289,
		"log_f0_std": 0.13288341462612152,
		"energy_mean": 1.0020556449890137,
		"energy_std": 0.0282765943557024,
		"n_files": 100
	},
	"mailabs-nadineeckert-other": {
		"f0_median": 191.37538146972656,
		"f0_mean": 200.55995178222656,
		"f0_std": 50.84891891479492,
		"log_f0_median": 5.254236698150635,
		"log_f0_mean": 5.272150993347168,
		"log_f0_std": 0.23656471073627472,
		"energy_mean": 0.9833611249923706,
		"energy_std": 0.03346679359674454,
		"n_files": 100
	},
	"mailabs-tux-other": {
		"f0_median": 122.66626739501953,
		"f0_mean": 124.51791381835938,
		"f0_std": 24.38829803466797,
		"log_f0_median": 4.809467315673828,
		"log_f0_mean": 4.811684608459473,
		"log_f0_std": 0.15116865932941437,
		"energy_mean": 0.9740287661552429,
		"energy_std": 0.06282375752925873,
		"n_files": 100
	}
}
