{"f0_median": 224.97093200683594, "f0_mean": 233.0316619873047, "f0_std": 45.95376968383789, "log_f0_median": 5.415971279144287, "log_f0_mean": 5.4322991371154785, "log_f0_std": 0.19404657185077667, "energy_mean": 0.9641580581665039, "energy_std": 0.05259060114622116, "n_files": 100}