{"f0_median": 141.72280883789062, "f0_mean": 145.10557556152344, "f0_std": 28.358076095581055, "log_f0_median": 4.953873157501221, "log_f0_mean": 4.958718776702881, "log_f0_std": 0.19397981464862823, "energy_mean": 0.9734054803848267, "energy_std": 0.044890109449625015, "n_files": 100}